category,sales,transaction_id
C3,419,0
C0,294,1
C1,458,2
C0,136,3
C4,419,4
C4,206,5
C1,301,6
C2,68,7
C4,376,8
C0,361,9
C2,63,10
C2,185,11
C1,346,12
C2,202,13
C0,191,14
C4,318,15
C4,209,16
C0,416,17
C0,455,18
C3,69,19
C0,334,20
C3,224,21
C2,465,22
C0,192,23
C2,329,24
C4,181,25
C2,253,26
C0,314,27
C3,431,28
C4,112,29
C0,314,30
C2,461,31
C3,149,32
C1,302,33
C2,129,34
C2,406,35
C0,125,36
C4,112,37
C1,322,38
C2,382,39
C3,95,40
C4,440,41
C2,109,42
C1,304,43
C1,359,44
C4,459,45
C4,83,46
C2,401,47
C0,235,48
C0,470,49
C2,296,50
C0,466,51
C1,362,52
C0,171,53
C2,445,54
C4,78,55
C4,308,56
C2,92,57
C0,107,58
C3,229,59
C4,410,60
C0,340,61
C2,181,62
C3,143,63
C1,486,64
C1,313,65
C4,342,66
C1,225,67
C1,108,68
C3,420,69
C4,240,70
C2,61,71
C2,90,72
C2,232,73
C0,239,74
C2,324,75
C4,84,76
C3,72,77
C0,395,78
C4,495,79
C0,105,80
C1,456,81
C1,497,82
C0,218,83
C3,159,84
C1,196,85
C3,209,86
C2,141,87
C4,312,88
C4,119,89
C2,386,90
C4,457,91
C0,100,92
C3,284,93
C3,379,94
C2,433,95
C3,151,96
C0,212,97
C0,64,98
C2,208,99
C3,375,100
C2,492,101
C2,460,102
C2,355,103
C4,157,104
C0,250,105
C3,145,106
C4,216,107
C0,101,108
C4,457,109
C0,380,110
C0,433,111
C3,234,112
C0,413,113
C0,204,114
C1,448,115
C0,334,116
C0,396,117
C0,104,118
C1,369,119
C4,451,120
C2,106,121
C2,58,122
C2,112,123
C4,112,124
C1,475,125
C4,210,126
C0,232,127
C0,256,128
C2,436,129
C3,172,130
C2,411,131
C0,204,132
C0,195,133
C0,489,134
C1,123,135
C2,311,136
C2,154,137
C3,431,138
C2,264,139
C0,319,140
C3,168,141
C0,244,142
C1,169,143
C0,449,144
C4,214,145
C4,306,146
C1,86,147
C3,493,148
C0,121,149
C0,51,150
C4,242,151
C2,194,152
C4,259,153
C4,96,154
C4,416,155
C2,139,156
C1,75,157
C4,238,158
C1,112,159
C2,310,160
C1,272,161
C0,240,162
C4,130,163
C0,472,164
C1,82,165
C4,164,166
C1,432,167
C2,154,168
C3,269,169
C0,205,170
C2,157,171
C4,224,172
C2,345,173
C1,118,174
C2,178,175
C0,69,176
C2,245,177
C1,165,178
C3,78,179
C1,52,180
C4,364,181
C2,179,182
C0,282,183
C3,348,184
C0,338,185
C4,447,186
C0,353,187
C4,366,188
C1,178,189
C3,93,190
C0,136,191
C3,357,192
C0,440,193
C0,357,194
C2,112,195
C3,225,196
C1,485,197
C2,410,198
C3,303,199
C2,186,200
C4,252,201
C2,329,202
C1,68,203
C0,174,204
C1,257,205
C1,226,206
C4,344,207
C1,162,208
C0,52,209
C0,103,210
C2,494,211
C1,320,212
C1,288,213
C4,172,214
C2,441,215
C2,227,216
C0,154,217
C1,236,218
C0,380,219
C4,485,220
C3,234,221
C4,456,222
C4,307,223
C0,334,224
C1,277,225
C1,472,226
C0,381,227
C2,149,228
C0,477,229
C3,387,230
C3,108,231
C1,382,232
C0,452,233
C1,88,234
C4,351,235
C1,141,236
C3,127,237
C2,151,238
C0,385,239
C4,51,240
C4,258,241
C1,196,242
C4,452,243
C2,120,244
C4,434,245
C4,108,246
C2,379,247
C1,275,248
C3,405,249
C0,67,250
C0,299,251
C0,114,252
C1,198,253
C4,200,254
C0,413,255
C1,172,256
C0,420,257
C1,275,258
C1,195,259
C3,483,260
C0,469,261
C4,239,262
C4,346,263
C4,281,264
C3,210,265
C2,173,266
C1,145,267
C1,234,268
C2,61,269
C1,398,270
C4,395,271
C1,416,272
C1,362,273
C0,431,274
C1,405,275
C0,283,276
C4,313,277
C2,239,278
C4,415,279
C0,208,280
C3,175,281
C3,89,282
C3,230,283
C1,276,284
C0,395,285
C2,401,286
C0,128,287
C0,305,288
C1,65,289
C3,159,290
C3,196,291
C0,469,292
C0,276,293
C3,456,294
C0,278,295
C1,224,296
C2,186,297
C0,172,298
C2,379,299
C0,325,300
C3,222,301
C1,176,302
C1,243,303
C2,118,304
C3,392,305
C4,216,306
C2,419,307
C1,86,308
C4,232,309
C4,140,310
C1,226,311
C2,244,312
C4,179,313
C4,113,314
C3,491,315
C1,98,316
C1,180,317
C3,226,318
C3,347,319
C2,315,320
C4,491,321
C1,312,322
C1,140,323
C4,262,324
C1,60,325
C0,240,326
C1,267,327
C1,209,328
C2,450,329
C1,153,330
C1,132,331
C2,203,332
C2,319,333
C3,416,334
C4,436,335
C0,444,336
C4,416,337
C4,393,338
C4,464,339
C3,136,340
C2,65,341
C1,89,342
C1,57,343
C0,259,344
C0,489,345
C3,451,346
C3,66,347
C3,272,348
C1,419,349
C1,495,350
C0,194,351
C4,210,352
C1,356,353
C1,232,354
C0,308,355
C2,154,356
C3,133,357
C1,379,358
C4,243,359
C2,436,360
C1,473,361
C1,252,362
C4,371,363
C4,328,364
C2,102,365
C0,346,366
C2,268,367
C4,251,368
C2,403,369
C3,265,370
C4,165,371
C3,172,372
C4,348,373
C1,139,374
C3,491,375
C1,397,376
C3,232,377
C3,448,378
C2,322,379
C3,268,380
C4,119,381
C4,116,382
C2,85,383
C4,481,384
C3,468,385
C1,235,386
C2,407,387
C2,169,388
C2,85,389
C2,343,390
C1,355,391
C2,398,392
C1,390,393
C1,128,394
C3,188,395
C0,467,396
C1,365,397
C3,141,398
C1,160,399
C2,77,400
C2,385,401
C1,123,402
C4,123,403
C4,66,404
C0,274,405
C3,239,406
C0,219,407
C4,435,408
C1,116,409
C3,136,410
C1,195,411
C3,165,412
C1,219,413
C3,79,414
C3,339,415
C1,440,416
C2,390,417
C3,371,418
C4,437,419
C3,187,420
C0,67,421
C3,448,422
C2,118,423
C0,293,424
C0,224,425
C1,266,426
C2,385,427
C4,435,428
C0,131,429
C0,120,430
C1,131,431
C3,436,432
C2,84,433
C3,105,434
C4,468,435
C0,250,436
C0,231,437
C1,67,438
C2,135,439
C0,237,440
C1,159,441
C3,419,442
C2,422,443
C0,428,444
C1,90,445
C4,203,446
C4,321,447
C3,94,448
C0,170,449
C4,127,450
C1,447,451
C3,76,452
C0,496,453
C4,166,454
C4,433,455
C3,475,456
C2,323,457
C2,344,458
C1,177,459
C1,55,460
C1,274,461
C4,383,462
C0,309,463
C2,114,464
C2,484,465
C0,223,466
C1,64,467
C3,486,468
C2,87,469
C0,479,470
C4,123,471
C2,143,472
C3,350,473
C0,490,474
C1,451,475
C1,392,476
C3,372,477
C4,350,478
C0,349,479
C1,451,480
C4,426,481
C1,411,482
C3,419,483
C1,259,484
C2,173,485
C2,227,486
C0,428,487
C3,404,488
C0,272,489
C2,115,490
C4,377,491
C1,233,492
C1,266,493
C4,278,494
C0,197,495
C0,238,496
C0,223,497
C2,279,498
C0,353,499
C1,106,500
C2,122,501
C2,425,502
C1,149,503
C2,495,504
C4,209,505
C4,56,506
C3,298,507
C1,298,508
C0,430,509
C4,320,510
C2,312,511
C2,483,512
C0,327,513
C3,52,514
C0,306,515
C0,199,516
C0,276,517
C2,219,518
C0,459,519
C1,220,520
C4,286,521
C3,482,522
C2,136,523
C0,453,524
C4,321,525
C1,210,526
C4,396,527
C1,333,528
C3,291,529
C1,388,530
C2,240,531
C3,282,532
C1,50,533
C3,379,534
C1,259,535
C2,429,536
C2,477,537
C4,287,538
C4,86,539
C3,441,540
C2,83,541
C1,201,542
C3,134,543
C1,447,544
C2,383,545
C3,135,546
C0,462,547
C2,99,548
C4,89,549
C4,437,550
C1,400,551
C1,475,552
C1,497,553
C4,390,554
C2,490,555
C4,348,556
C1,415,557
C4,160,558
C4,143,559
C4,103,560
C2,134,561
C3,360,562
C3,122,563
C0,133,564
C3,78,565
C4,92,566
C2,338,567
C2,225,568
C0,473,569
C4,458,570
C4,112,571
C0,337,572
C0,286,573
C2,377,574
C0,180,575
C0,418,576
C0,302,577
C4,110,578
C2,339,579
C4,202,580
C2,408,581
C0,248,582
C3,353,583
C0,100,584
C0,266,585
C2,238,586
C2,70,587
C0,173,588
C4,353,589
C4,52,590
C4,98,591
C1,410,592
C0,281,593
C0,314,594
C4,436,595
C4,379,596
C0,191,597
C3,431,598
C2,208,599
C0,153,600
C3,278,601
C0,53,602
C3,194,603
C0,371,604
C4,484,605
C2,279,606
C4,73,607
C4,328,608
C1,207,609
C2,290,610
C2,406,611
C0,416,612
C0,168,613
C4,438,614
C1,235,615
C1,345,616
C0,258,617
C2,437,618
C4,100,619
C0,366,620
C2,476,621
C2,196,622
C2,230,623
C4,81,624
C0,432,625
C3,140,626
C2,494,627
C2,191,628
C2,305,629
C1,315,630
C1,401,631
C4,246,632
C0,262,633
C3,405,634
C2,144,635
C4,154,636
C2,174,637
C4,248,638
C2,124,639
C0,279,640
C3,201,641
C2,139,642
C3,287,643
C0,298,644
C2,241,645
C4,265,646
C2,195,647
C0,406,648
C3,244,649
C2,148,650
C3,353,651
C2,91,652
C1,93,653
C1,416,654
C4,166,655
C2,326,656
C3,334,657
C1,242,658
C4,90,659
C1,460,660
C1,102,661
C3,443,662
C3,278,663
C2,482,664
C3,394,665
C4,191,666
C2,157,667
C4,365,668
C2,96,669
C2,138,670
C1,312,671
C2,452,672
C1,358,673
C0,243,674
C1,175,675
C0,226,676
C1,306,677
C2,230,678
C0,393,679
C2,237,680
C2,178,681
C3,57,682
C0,320,683
C2,310,684
C3,356,685
C2,474,686
C2,264,687
C4,395,688
C3,481,689
C1,315,690
C4,292,691
C1,404,692
C3,127,693
C3,438,694
C4,101,695
C3,409,696
C0,476,697
C2,259,698
C0,99,699
C2,486,700
C3,380,701
C4,142,702
C2,315,703
C3,215,704
C2,79,705
C3,216,706
C0,274,707
C2,269,708
C3,391,709
C2,261,710
C3,133,711
C1,81,712
C3,277,713
C1,325,714
C4,294,715
C2,250,716
C4,262,717
C0,410,718
C0,70,719
C3,275,720
C2,175,721
C3,347,722
C4,450,723
C0,312,724
C4,413,725
C2,220,726
C1,456,727
C2,175,728
C1,442,729
C3,99,730
C0,77,731
C2,408,732
C3,149,733
C0,371,734
C0,311,735
C4,178,736
C1,483,737
C2,63,738
C2,290,739
C4,95,740
C4,61,741
C2,201,742
C2,127,743
C0,219,744
C4,409,745
C0,432,746
C3,335,747
C0,276,748
C0,399,749
C4,363,750
C2,242,751
C2,473,752
C2,122,753
C3,260,754
C0,476,755
C1,64,756
C4,342,757
C1,484,758
C4,376,759
C2,84,760
C1,108,761
C4,345,762
C1,287,763
C1,112,764
C1,71,765
C2,287,766
C3,168,767
C3,451,768
C2,462,769
C0,368,770
C3,253,771
C0,102,772
C2,303,773
C0,183,774
C2,355,775
C0,189,776
C2,244,777
C0,176,778
C0,314,779
C3,271,780
C0,364,781
C1,90,782
C1,448,783
C1,66,784
C4,154,785
C3,380,786
C2,483,787
C0,168,788
C0,480,789
C2,186,790
C3,143,791
C2,368,792
C4,479,793
C0,438,794
C0,168,795
C2,418,796
C4,170,797
C3,225,798
C4,367,799
C1,130,800
C4,314,801
C3,137,802
C1,487,803
C3,299,804
C0,326,805
C0,76,806
C0,485,807
C2,212,808
C0,164,809
C0,63,810
C2,409,811
C3,55,812
C4,496,813
C0,466,814
C3,312,815
C4,84,816
C0,139,817
C3,382,818
C3,221,819
C0,245,820
C3,202,821
C2,226,822
C3,184,823
C3,190,824
C4,457,825
C2,59,826
C4,175,827
C0,174,828
C1,271,829
C0,205,830
C4,352,831
C0,366,832
C4,322,833
C2,309,834
C1,291,835
C1,56,836
C3,211,837
C1,176,838
C0,145,839
C1,415,840
C0,411,841
C4,401,842
C1,198,843
C1,410,844
C0,293,845
C2,319,846
C3,72,847
C3,420,848
C3,419,849
C0,303,850
C0,169,851
C1,241,852
C3,174,853
C2,282,854
C3,171,855
C2,237,856
C1,269,857
C2,391,858
C0,239,859
C1,77,860
C3,457,861
C3,189,862
C3,334,863
C4,132,864
C4,106,865
C0,437,866
C0,399,867
C3,279,868
C0,365,869
C4,428,870
C0,333,871
C2,407,872
C4,186,873
C3,364,874
C4,281,875
C2,268,876
C4,297,877
C1,482,878
C4,422,879
C2,219,880
C3,133,881
C3,371,882
C0,470,883
C1,398,884
C3,223,885
C3,303,886
C2,320,887
C3,140,888
C0,495,889
C3,174,890
C4,328,891
C3,338,892
C2,296,893
C3,363,894
C2,64,895
C0,153,896
C0,442,897
C1,159,898
C3,155,899
C1,396,900
C2,196,901
C2,436,902
C3,273,903
C3,424,904
C0,401,905
C1,181,906
C0,261,907
C1,176,908
C2,456,909
C0,73,910
C3,488,911
C2,142,912
C0,135,913
C2,186,914
C4,442,915
C3,234,916
C1,166,917
C1,243,918
C2,133,919
C3,185,920
C0,314,921
C4,267,922
C1,192,923
C4,273,924
C3,439,925
C1,249,926
C1,386,927
C2,107,928
C3,474,929
C4,164,930
C4,145,931
C2,207,932
C2,82,933
C1,315,934
C2,271,935
C2,247,936
C0,326,937
C3,377,938
C4,406,939
C4,117,940
C2,270,941
C4,320,942
C1,322,943
C1,270,944
C3,173,945
C2,165,946
C3,104,947
C0,284,948
C1,428,949
C0,158,950
C1,257,951
C1,114,952
C2,129,953
C1,313,954
C1,331,955
C3,453,956
C2,105,957
C4,157,958
C4,437,959
C0,331,960
C1,352,961
C2,434,962
C0,106,963
C2,100,964
C2,60,965
C0,187,966
C1,457,967
C3,491,968
C1,487,969
C3,389,970
C3,322,971
C3,330,972
C3,78,973
C0,475,974
C0,325,975
C3,133,976
C3,389,977
C3,249,978
C2,52,979
C2,276,980
C0,487,981
C2,105,982
C1,345,983
C2,388,984
C2,226,985
C3,384,986
C1,172,987
C0,240,988
C1,415,989
C0,138,990
C0,209,991
C1,359,992
C4,444,993
C1,374,994
C4,479,995
C4,280,996
C1,310,997
C4,124,998
C3,228,999
C2,147,1000
C3,319,1001
C2,171,1002
C1,100,1003
C4,354,1004
C4,114,1005
C2,280,1006
C2,301,1007
C4,390,1008
C2,379,1009
C3,409,1010
C4,119,1011
C4,366,1012
C3,471,1013
C4,427,1014
C2,223,1015
C3,409,1016
C4,113,1017
C2,201,1018
C0,113,1019
C1,81,1020
C2,195,1021
C3,55,1022
C3,150,1023
C3,87,1024
C3,405,1025
C1,447,1026
C2,152,1027
C1,424,1028
C0,270,1029
C0,336,1030
C1,214,1031
C3,397,1032
C1,260,1033
C2,443,1034
C1,204,1035
C2,458,1036
C2,444,1037
C1,109,1038
C0,159,1039
C4,93,1040
C3,131,1041
C1,362,1042
C2,209,1043
C2,401,1044
C2,184,1045
C3,338,1046
C3,403,1047
C2,101,1048
C4,480,1049
C3,437,1050
C2,124,1051
C1,150,1052
C4,99,1053
C3,58,1054
C4,171,1055
C2,171,1056
C0,182,1057
C3,461,1058
C0,220,1059
C2,444,1060
C4,314,1061
C2,153,1062
C1,328,1063
C2,57,1064
C3,390,1065
C0,486,1066
C3,428,1067
C4,401,1068
C0,66,1069
C0,471,1070
C0,345,1071
C4,373,1072
C4,486,1073
C1,257,1074
C2,158,1075
C1,408,1076
C0,499,1077
C4,107,1078
C1,339,1079
C2,177,1080
C3,407,1081
C3,358,1082
C3,376,1083
C2,143,1084
C3,499,1085
C0,452,1086
C0,58,1087
C1,95,1088
C0,91,1089
C2,292,1090
C3,455,1091
C4,392,1092
C2,197,1093
C3,139,1094
C3,431,1095
C4,304,1096
C1,76,1097
C2,300,1098
C3,445,1099
C2,162,1100
C2,468,1101
C2,149,1102
C2,102,1103
C0,473,1104
C4,469,1105
C1,283,1106
C0,218,1107
C3,286,1108
C2,112,1109
C1,311,1110
C0,215,1111
C0,173,1112
C4,50,1113
C4,386,1114
C1,251,1115
C0,82,1116
C1,266,1117
C4,393,1118
C4,492,1119
C1,454,1120
C1,362,1121
C0,66,1122
C4,453,1123
C3,160,1124
C1,363,1125
C3,206,1126
C1,328,1127
C2,370,1128
C2,56,1129
C3,300,1130
C1,428,1131
C3,266,1132
C1,204,1133
C1,225,1134
C0,121,1135
C3,402,1136
C2,80,1137
C2,231,1138
C0,50,1139
C4,411,1140
C3,150,1141
C2,213,1142
C3,261,1143
C1,62,1144
C2,286,1145
C3,285,1146
C3,455,1147
C2,136,1148
C1,377,1149
C4,453,1150
C0,120,1151
C0,65,1152
C0,405,1153
C0,299,1154
C0,169,1155
C1,166,1156
C1,479,1157
C3,234,1158
C3,61,1159
C0,209,1160
C1,317,1161
C0,147,1162
C4,296,1163
C0,262,1164
C4,200,1165
C0,177,1166
C3,87,1167
C0,411,1168
C0,66,1169
C3,460,1170
C1,351,1171
C2,490,1172
C4,104,1173
C1,356,1174
C3,332,1175
C1,270,1176
C3,441,1177
C0,100,1178
C1,58,1179
C1,396,1180
C2,77,1181
C0,431,1182
C1,108,1183
C0,292,1184
C4,461,1185
C0,486,1186
C2,310,1187
C3,435,1188
C3,333,1189
C4,491,1190
C2,253,1191
C1,53,1192
C4,439,1193
C3,415,1194
C0,167,1195
C4,381,1196
C2,460,1197
C1,343,1198
C1,372,1199
C0,290,1200
C1,117,1201
C1,104,1202
C2,149,1203
C2,343,1204
C0,119,1205
C1,59,1206
C1,318,1207
C3,70,1208
C4,71,1209
C3,51,1210
C0,108,1211
C2,483,1212
C0,387,1213
C1,72,1214
C1,462,1215
C2,439,1216
C1,381,1217
C1,352,1218
C1,402,1219
C1,317,1220
C2,425,1221
C3,152,1222
C1,113,1223
C1,450,1224
C2,66,1225
C1,462,1226
C4,236,1227
C0,170,1228
C3,102,1229
C3,464,1230
C3,343,1231
C3,368,1232
C0,477,1233
C0,88,1234
C2,442,1235
C3,294,1236
C0,459,1237
C2,298,1238
C1,307,1239
C1,365,1240
C2,354,1241
C1,462,1242
C2,324,1243
C1,76,1244
C3,438,1245
C4,376,1246
C4,143,1247
C4,470,1248
C4,233,1249
C3,57,1250
C0,341,1251
C4,351,1252
C2,71,1253
C1,349,1254
C3,267,1255
C3,385,1256
C4,245,1257
C4,105,1258
C0,485,1259
C2,303,1260
C4,65,1261
C4,275,1262
C4,332,1263
C0,139,1264
C0,420,1265
C4,342,1266
C4,68,1267
C4,430,1268
C4,144,1269
C0,130,1270
C2,280,1271
C4,358,1272
C1,129,1273
C0,177,1274
C0,334,1275
C1,289,1276
C1,487,1277
C1,130,1278
C4,72,1279
C2,315,1280
C3,498,1281
C3,88,1282
C3,117,1283
C3,431,1284
C0,414,1285
C4,91,1286
C3,392,1287
C1,200,1288
C3,181,1289
C3,406,1290
C1,177,1291
C4,340,1292
C4,72,1293
C3,401,1294
C1,368,1295
C1,241,1296
C4,297,1297
C0,469,1298
C1,475,1299
C1,97,1300
C4,190,1301
C3,356,1302
C4,210,1303
C4,300,1304
C0,439,1305
C2,430,1306
C3,398,1307
C1,492,1308
C1,497,1309
C2,293,1310
C3,351,1311
C4,211,1312
C0,183,1313
C4,482,1314
C3,284,1315
C4,82,1316
C4,198,1317
C0,287,1318
C4,499,1319
C0,208,1320
C2,256,1321
C0,438,1322
C4,302,1323
C3,389,1324
C2,244,1325
C4,124,1326
C0,314,1327
C4,280,1328
C4,151,1329
C1,175,1330
C1,167,1331
C3,198,1332
C3,387,1333
C4,438,1334
C3,85,1335
C0,410,1336
C4,435,1337
C1,436,1338
C2,174,1339
C3,295,1340
C1,425,1341
C1,484,1342
C2,279,1343
C2,202,1344
C2,158,1345
C3,305,1346
C2,261,1347
C2,151,1348
C2,377,1349
C1,203,1350
C4,82,1351
C3,113,1352
C2,354,1353
C2,90,1354
C1,398,1355
C3,129,1356
C3,147,1357
C2,363,1358
C0,190,1359
C0,417,1360
C4,357,1361
C2,377,1362
C1,426,1363
C4,273,1364
C1,351,1365
C0,219,1366
C3,235,1367
C3,148,1368
C3,367,1369
C3,447,1370
C1,103,1371
C4,279,1372
C1,464,1373
C0,340,1374
C3,418,1375
C2,298,1376
C1,458,1377
C2,409,1378
C3,278,1379
C3,66,1380
C4,398,1381
C2,472,1382
C0,442,1383
C1,61,1384
C3,390,1385
C2,260,1386
C3,228,1387
C1,423,1388
C2,464,1389
C0,417,1390
C2,375,1391
C2,378,1392
C0,189,1393
C2,154,1394
C1,160,1395
C0,498,1396
C1,180,1397
C2,141,1398
C0,251,1399
C4,390,1400
C4,214,1401
C2,418,1402
C3,227,1403
C0,450,1404
C3,95,1405
C2,256,1406
C4,359,1407
C0,326,1408
C0,279,1409
C2,244,1410
C3,379,1411
C2,224,1412
C2,290,1413
C2,151,1414
C2,323,1415
C0,276,1416
C4,345,1417
C3,198,1418
C4,407,1419
C2,61,1420
C2,84,1421
C1,252,1422
C3,208,1423
C2,437,1424
C1,406,1425
C2,159,1426
C3,119,1427
C0,149,1428
C0,401,1429
C3,191,1430
C4,456,1431
C4,490,1432
C3,87,1433
C1,359,1434
C1,471,1435
C0,313,1436
C3,182,1437
C3,239,1438
C1,176,1439
C1,365,1440
C0,493,1441
C1,170,1442
C3,240,1443
C3,416,1444
C3,407,1445
C1,427,1446
C1,127,1447
C3,203,1448
C1,184,1449
C2,70,1450
C0,336,1451
C3,384,1452
C4,473,1453
C2,205,1454
C1,380,1455
C2,239,1456
C2,163,1457
C4,158,1458
C2,279,1459
C3,460,1460
C0,494,1461
C1,368,1462
C4,394,1463
C0,130,1464
C4,396,1465
C0,162,1466
C4,233,1467
C0,159,1468
C4,364,1469
C0,209,1470
C2,86,1471
C3,123,1472
C3,494,1473
C4,434,1474
C4,80,1475
C0,135,1476
C2,408,1477
C3,156,1478
C3,199,1479
C2,407,1480
C3,59,1481
C4,407,1482
C0,380,1483
C3,304,1484
C1,72,1485
C2,109,1486
C0,113,1487
C4,186,1488
C1,345,1489
C3,308,1490
C0,197,1491
C1,307,1492
C1,253,1493
C2,146,1494
C4,458,1495
C0,236,1496
C2,207,1497
C2,85,1498
C1,376,1499
C3,124,1500
C2,324,1501
C0,423,1502
C0,201,1503
C4,292,1504
C3,64,1505
C1,421,1506
C4,469,1507
C2,438,1508
C3,432,1509
C0,332,1510
C0,133,1511
C2,443,1512
C1,136,1513
C4,205,1514
C3,340,1515
C2,445,1516
C0,381,1517
C1,475,1518
C2,301,1519
C3,139,1520
C4,319,1521
C0,339,1522
C3,447,1523
C3,340,1524
C0,224,1525
C2,164,1526
C4,180,1527
C2,299,1528
C2,494,1529
C2,119,1530
C0,138,1531
C3,182,1532
C4,313,1533
C1,138,1534
C4,80,1535
C2,364,1536
C0,261,1537
C1,434,1538
C0,427,1539
C1,485,1540
C3,403,1541
C3,416,1542
C1,332,1543
C2,243,1544
C3,172,1545
C4,425,1546
C0,81,1547
C3,140,1548
C1,401,1549
C3,413,1550
C4,164,1551
C4,420,1552
C0,98,1553
C3,471,1554
C4,408,1555
C4,375,1556
C1,154,1557
C3,364,1558
C0,370,1559
C4,73,1560
C1,324,1561
C1,245,1562
C2,384,1563
C0,277,1564
C0,179,1565
C3,86,1566
C2,276,1567
C0,458,1568
C1,279,1569
C2,289,1570
C4,448,1571
C2,95,1572
C0,428,1573
C0,327,1574
C1,320,1575
C3,62,1576
C1,477,1577
C2,426,1578
C4,275,1579
C0,404,1580
C2,466,1581
C0,241,1582
C2,419,1583
C4,75,1584
C4,453,1585
C2,483,1586
C1,237,1587
C3,361,1588
C2,327,1589
C4,187,1590
C2,195,1591
C1,420,1592
C2,409,1593
C2,346,1594
C0,365,1595
C2,327,1596
C0,93,1597
C1,479,1598
C1,251,1599
C3,67,1600
C4,362,1601
C2,276,1602
C3,149,1603
C0,280,1604
C0,119,1605
C4,98,1606
C3,323,1607
C4,356,1608
C4,484,1609
C1,464,1610
C2,168,1611
C4,319,1612
C2,352,1613
C0,451,1614
C1,358,1615
C2,200,1616
C2,230,1617
C4,197,1618
C1,70,1619
C2,395,1620
C0,347,1621
C3,441,1622
C1,321,1623
C4,498,1624
C2,151,1625
C1,339,1626
C2,379,1627
C1,319,1628
C2,134,1629
C1,236,1630
C2,369,1631
C0,211,1632
C1,415,1633
C1,72,1634
C1,300,1635
C1,372,1636
C1,413,1637
C3,103,1638
C2,481,1639
C1,114,1640
C3,258,1641
C1,365,1642
C0,381,1643
C3,51,1644
C3,408,1645
C4,253,1646
C4,121,1647
C2,129,1648
C4,213,1649
C1,263,1650
C4,259,1651
C1,490,1652
C1,154,1653
C0,165,1654
C3,108,1655
C2,371,1656
C2,347,1657
C0,435,1658
C4,166,1659
C4,169,1660
C3,378,1661
C0,401,1662
C0,322,1663
C0,91,1664
C2,184,1665
C2,108,1666
C1,142,1667
C2,76,1668
C1,149,1669
C1,427,1670
C3,483,1671
C0,66,1672
C2,470,1673
C0,426,1674
C2,298,1675
C1,258,1676
C2,395,1677
C3,161,1678
C4,360,1679
C3,387,1680
C1,342,1681
C4,97,1682
C0,362,1683
C1,453,1684
C4,90,1685
C4,215,1686
C2,453,1687
C3,319,1688
C3,234,1689
C1,135,1690
C1,377,1691
C4,225,1692
C0,441,1693
C2,345,1694
C1,147,1695
C4,357,1696
C2,424,1697
C3,367,1698
C2,95,1699
C0,247,1700
C2,480,1701
C0,59,1702
C3,391,1703
C2,226,1704
C2,300,1705
C4,98,1706
C0,295,1707
C4,481,1708
C0,494,1709
C2,299,1710
C1,404,1711
C1,265,1712
C3,71,1713
C0,368,1714
C2,300,1715
C1,124,1716
C1,243,1717
C1,70,1718
C1,242,1719
C4,207,1720
C3,217,1721
C0,189,1722
C0,313,1723
C3,68,1724
C1,348,1725
C2,483,1726
C2,78,1727
C0,213,1728
C4,344,1729
C1,162,1730
C4,410,1731
C3,281,1732
C0,356,1733
C0,419,1734
C2,292,1735
C0,489,1736
C2,284,1737
C4,414,1738
C3,100,1739
C3,66,1740
C0,267,1741
C4,221,1742
C0,180,1743
C4,228,1744
C0,252,1745
C4,434,1746
C2,211,1747
C1,97,1748
C1,436,1749
C3,266,1750
C2,432,1751
C2,264,1752
C3,225,1753
C0,54,1754
C3,290,1755
C4,303,1756
C4,228,1757
C3,359,1758
C3,291,1759
C3,364,1760
C4,299,1761
C0,114,1762
C3,206,1763
C4,301,1764
C2,290,1765
C1,165,1766
C0,194,1767
C4,264,1768
C3,275,1769
C4,325,1770
C2,300,1771
C0,154,1772
C1,84,1773
C3,464,1774
C0,480,1775
C3,249,1776
C0,50,1777
C3,494,1778
C3,429,1779
C4,337,1780
C2,427,1781
C2,77,1782
C4,67,1783
C4,151,1784
C1,124,1785
C4,413,1786
C1,200,1787
C3,457,1788
C0,220,1789
C0,277,1790
C0,490,1791
C1,454,1792
C0,474,1793
C4,344,1794
C4,268,1795
C0,109,1796
C0,382,1797
C1,179,1798
C0,160,1799
C0,138,1800
C0,319,1801
C0,146,1802
C4,130,1803
C1,165,1804
C2,77,1805
C4,327,1806
C1,248,1807
C4,327,1808
C2,327,1809
C1,367,1810
C4,468,1811
C2,330,1812
C3,456,1813
C2,295,1814
C2,292,1815
C2,193,1816
C4,67,1817
C3,498,1818
C3,177,1819
C4,125,1820
C3,58,1821
C2,129,1822
C2,384,1823
C2,192,1824
C0,186,1825
C1,378,1826
C1,53,1827
C4,471,1828
C4,249,1829
C0,167,1830
C0,61,1831
C2,358,1832
C2,126,1833
C3,400,1834
C4,180,1835
C3,318,1836
C4,230,1837
C1,435,1838
C4,386,1839
C4,493,1840
C1,152,1841
C3,153,1842
C0,360,1843
C1,206,1844
C3,165,1845
C2,138,1846
C1,187,1847
C0,489,1848
C1,178,1849
C2,79,1850
C0,121,1851
C3,221,1852
C3,57,1853
C0,374,1854
C1,207,1855
C1,223,1856
C4,383,1857
C0,111,1858
C4,197,1859
C2,480,1860
C0,431,1861
C4,430,1862
C2,134,1863
C0,139,1864
C4,312,1865
C1,242,1866
C0,234,1867
C1,349,1868
C2,239,1869
C2,89,1870
C0,115,1871
C2,462,1872
C1,162,1873
C3,238,1874
C1,108,1875
C4,484,1876
C1,226,1877
C3,441,1878
C4,226,1879
C2,288,1880
C0,71,1881
C1,258,1882
C1,476,1883
C4,68,1884
C0,246,1885
C1,64,1886
C3,302,1887
C3,464,1888
C3,242,1889
C2,319,1890
C4,150,1891
C1,302,1892
C1,101,1893
C3,132,1894
C3,235,1895
C4,302,1896
C2,487,1897
C1,205,1898
C4,175,1899
C2,221,1900
C1,53,1901
C4,182,1902
C4,62,1903
C1,167,1904
C1,296,1905
C4,417,1906
C1,440,1907
C3,57,1908
C0,302,1909
C3,461,1910
C0,93,1911
C0,260,1912
C0,362,1913
C1,239,1914
C2,280,1915
C4,336,1916
C3,225,1917
C4,366,1918
C3,76,1919
C1,138,1920
C1,284,1921
C4,144,1922
C3,495,1923
C3,466,1924
C4,151,1925
C0,440,1926
C1,445,1927
C1,408,1928
C0,241,1929
C1,88,1930
C0,135,1931
C1,125,1932
C3,95,1933
C1,262,1934
C3,451,1935
C3,291,1936
C1,94,1937
C1,117,1938
C0,214,1939
C2,439,1940
C3,452,1941
C1,293,1942
C2,130,1943
C1,350,1944
C2,319,1945
C3,177,1946
C2,244,1947
C3,240,1948
C3,198,1949
C4,307,1950
C0,58,1951
C4,253,1952
C0,463,1953
C3,140,1954
C1,389,1955
C3,435,1956
C0,273,1957
C0,237,1958
C0,125,1959
C3,490,1960
C2,52,1961
C3,241,1962
C2,228,1963
C1,315,1964
C3,374,1965
C4,334,1966
C1,357,1967
C0,245,1968
C1,106,1969
C0,491,1970
C1,102,1971
C0,393,1972
C4,474,1973
C0,172,1974
C1,459,1975
C1,86,1976
C4,460,1977
C4,214,1978
C0,378,1979
C1,64,1980
C1,372,1981
C3,485,1982
C2,359,1983
C1,83,1984
C3,283,1985
C4,451,1986
C2,307,1987
C3,361,1988
C4,376,1989
C0,52,1990
C4,66,1991
C2,238,1992
C4,453,1993
C3,312,1994
C1,130,1995
C3,376,1996
C3,476,1997
C1,307,1998
C3,371,1999
C4,367,2000
C1,117,2001
C2,157,2002
C2,68,2003
C0,70,2004
C3,486,2005
C0,388,2006
C1,292,2007
C2,298,2008
C2,164,2009
C3,454,2010
C3,433,2011
C0,259,2012
C4,443,2013
C2,141,2014
C0,442,2015
C0,196,2016
C0,344,2017
C4,266,2018
C0,78,2019
C4,455,2020
C3,444,2021
C0,131,2022
C1,296,2023
C2,341,2024
C3,265,2025
C0,56,2026
C0,320,2027
C2,66,2028
C4,476,2029
C1,321,2030
C0,411,2031
C0,244,2032
C0,479,2033
C0,326,2034
C0,133,2035
C2,215,2036
C0,121,2037
C3,99,2038
C1,413,2039
C1,123,2040
C2,449,2041
C0,211,2042
C3,245,2043
C3,330,2044
C3,300,2045
C1,314,2046
C4,53,2047
C0,468,2048
C4,138,2049
C0,98,2050
C1,415,2051
C3,161,2052
C4,438,2053
C1,136,2054
C1,141,2055
C1,415,2056
C4,290,2057
C1,475,2058
C3,278,2059
C4,140,2060
C1,292,2061
C3,246,2062
C4,92,2063
C3,472,2064
C3,284,2065
C0,166,2066
C4,344,2067
C3,174,2068
C1,273,2069
C0,360,2070
C3,119,2071
C3,331,2072
C1,56,2073
C1,452,2074
C3,113,2075
C3,348,2076
C0,277,2077
C3,319,2078
C4,274,2079
C0,436,2080
C1,200,2081
C4,410,2082
C4,193,2083
C0,352,2084
C3,325,2085
C2,388,2086
C1,480,2087
C3,478,2088
C3,348,2089
C2,132,2090
C0,87,2091
C3,269,2092
C4,192,2093
C1,166,2094
C4,257,2095
C2,494,2096
C0,233,2097
C4,150,2098
C0,249,2099
C4,202,2100
C4,371,2101
C3,153,2102
C0,162,2103
C4,490,2104
C0,145,2105
C3,493,2106
C4,142,2107
C3,234,2108
C1,427,2109
C1,268,2110
C0,228,2111
C3,241,2112
C1,232,2113
C1,269,2114
C2,370,2115
C2,454,2116
C2,351,2117
C4,481,2118
C2,385,2119
C2,401,2120
C3,151,2121
C1,266,2122
C1,405,2123
C2,351,2124
C0,226,2125
C2,382,2126
C3,298,2127
C3,408,2128
C3,131,2129
C0,348,2130
C4,148,2131
C2,337,2132
C3,357,2133
C4,204,2134
C1,326,2135
C4,220,2136
C3,342,2137
C4,373,2138
C4,481,2139
C4,446,2140
C1,363,2141
C1,350,2142
C0,476,2143
C1,51,2144
C1,444,2145
C4,298,2146
C0,362,2147
C1,61,2148
C0,470,2149
C3,439,2150
C2,209,2151
C2,136,2152
C3,72,2153
C3,497,2154
C1,418,2155
C0,120,2156
C3,495,2157
C4,226,2158
C1,283,2159
C3,498,2160
C4,489,2161
C2,354,2162
C0,244,2163
C4,275,2164
C3,95,2165
C1,214,2166
C1,255,2167
C4,290,2168
C3,101,2169
C2,100,2170
C0,386,2171
C3,479,2172
C0,278,2173
C4,163,2174
C0,477,2175
C4,316,2176
C3,411,2177
C1,278,2178
C4,340,2179
C4,71,2180
C1,197,2181
C3,231,2182
C1,417,2183
C3,453,2184
C3,362,2185
C2,460,2186
C4,56,2187
C4,126,2188
C1,116,2189
C1,272,2190
C3,235,2191
C0,377,2192
C2,176,2193
C0,465,2194
C0,73,2195
C3,206,2196
C2,440,2197
C3,251,2198
C3,453,2199
C1,421,2200
C4,168,2201
C0,300,2202
C3,68,2203
C1,278,2204
C2,52,2205
C4,81,2206
C2,280,2207
C4,291,2208
C1,409,2209
C1,222,2210
C3,206,2211
C4,157,2212
C1,277,2213
C0,442,2214
C4,312,2215
C2,178,2216
C1,68,2217
C1,432,2218
C2,471,2219
C1,374,2220
C2,71,2221
C0,101,2222
C0,235,2223
C2,237,2224
C4,221,2225
C4,66,2226
C0,218,2227
C1,392,2228
C0,253,2229
C2,415,2230
C2,325,2231
C3,201,2232
C4,228,2233
C0,399,2234
C3,102,2235
C1,179,2236
C2,392,2237
C1,367,2238
C2,81,2239
C4,159,2240
C4,441,2241
C1,499,2242
C2,66,2243
C3,118,2244
C3,388,2245
C1,405,2246
C4,238,2247
C2,151,2248
C1,170,2249
C3,222,2250
C0,301,2251
C1,435,2252
C3,475,2253
C4,284,2254
C4,132,2255
C0,168,2256
C2,320,2257
C2,238,2258
C3,92,2259
C0,271,2260
C1,98,2261
C4,398,2262
C2,311,2263
C2,167,2264
C0,242,2265
C1,356,2266
C4,155,2267
C2,271,2268
C4,347,2269
C2,444,2270
C4,203,2271
C0,287,2272
C4,139,2273
C3,183,2274
C4,400,2275
C4,291,2276
C1,236,2277
C3,375,2278
C3,159,2279
C1,89,2280
C0,229,2281
C4,264,2282
C0,154,2283
C3,253,2284
C0,101,2285
C0,218,2286
C3,240,2287
C1,419,2288
C0,307,2289
C2,159,2290
C0,185,2291
C3,278,2292
C3,215,2293
C0,291,2294
C3,434,2295
C4,92,2296
C3,470,2297
C4,66,2298
C3,58,2299
C0,291,2300
C4,496,2301
C1,113,2302
C0,105,2303
C2,100,2304
C0,109,2305
C1,422,2306
C1,200,2307
C3,226,2308
C1,375,2309
C2,466,2310
C0,68,2311
C4,373,2312
C3,93,2313
C2,196,2314
C3,167,2315
C1,437,2316
C1,439,2317
C2,441,2318
C4,330,2319
C2,383,2320
C1,82,2321
C3,137,2322
C1,163,2323
C3,224,2324
C4,140,2325
C3,77,2326
C3,481,2327
C0,145,2328
C1,359,2329
C2,69,2330
C1,126,2331
C2,237,2332
C0,424,2333
C1,136,2334
C4,461,2335
C3,77,2336
C3,486,2337
C2,471,2338
C1,389,2339
C4,237,2340
C0,373,2341
C1,206,2342
C0,445,2343
C1,67,2344
C4,60,2345
C1,389,2346
C0,342,2347
C2,217,2348
C1,300,2349
C0,269,2350
C3,141,2351
C3,320,2352
C2,175,2353
C4,210,2354
C4,355,2355
C3,301,2356
C1,360,2357
C0,443,2358
C4,292,2359
C3,120,2360
C1,414,2361
C1,144,2362
C1,174,2363
C0,287,2364
C3,149,2365
C2,189,2366
C2,436,2367
C3,169,2368
C2,475,2369
C0,405,2370
C1,390,2371
C3,383,2372
C3,446,2373
C0,289,2374
C2,432,2375
C3,415,2376
C2,290,2377
C0,55,2378
C4,320,2379
C4,418,2380
C4,350,2381
C3,119,2382
C3,457,2383
C2,154,2384
C1,374,2385
C0,402,2386
C3,274,2387
C0,92,2388
C2,314,2389
C3,424,2390
C1,72,2391
C4,119,2392
C2,409,2393
C0,238,2394
C0,459,2395
C4,102,2396
C4,190,2397
C2,130,2398
C4,242,2399
C0,265,2400
C2,298,2401
C4,237,2402
C0,297,2403
C3,240,2404
C2,69,2405
C4,228,2406
C0,168,2407
C3,452,2408
C4,118,2409
C0,68,2410
C4,344,2411
C1,495,2412
C0,348,2413
C1,255,2414
C4,443,2415
C0,360,2416
C3,192,2417
C2,187,2418
C2,86,2419
C2,120,2420
C1,341,2421
C1,131,2422
C1,215,2423
C4,460,2424
C3,334,2425
C3,160,2426
C0,337,2427
C2,487,2428
C0,64,2429
C2,224,2430
C3,174,2431
C1,97,2432
C4,366,2433
C3,396,2434
C3,488,2435
C3,496,2436
C1,399,2437
C3,497,2438
C1,283,2439
C3,221,2440
C2,197,2441
C1,69,2442
C4,306,2443
C3,370,2444
C0,58,2445
C3,262,2446
C3,440,2447
C1,373,2448
C4,312,2449
C3,195,2450
C4,272,2451
C1,390,2452
C1,296,2453
C3,438,2454
C3,393,2455
C1,77,2456
C3,305,2457
C2,93,2458
C4,134,2459
C0,285,2460
C4,245,2461
C1,124,2462
C3,162,2463
C4,184,2464
C3,381,2465
C3,143,2466
C3,301,2467
C0,99,2468
C2,270,2469
C3,398,2470
C1,99,2471
C0,487,2472
C1,221,2473
C4,103,2474
C0,187,2475
C2,361,2476
C4,192,2477
C1,336,2478
C0,213,2479
C4,133,2480
C1,187,2481
C4,80,2482
C2,197,2483
C3,428,2484
C4,306,2485
C0,83,2486
C2,373,2487
C4,443,2488
C1,429,2489
C0,121,2490
C4,374,2491
C2,316,2492
C3,202,2493
C2,105,2494
C0,467,2495
C3,456,2496
C4,397,2497
C2,436,2498
C3,113,2499
C2,286,2500
C4,409,2501
C0,296,2502
C4,173,2503
C4,193,2504
C1,165,2505
C0,405,2506
C2,198,2507
C0,161,2508
C2,447,2509
C3,282,2510
C0,452,2511
C4,199,2512
C4,300,2513
C1,53,2514
C1,398,2515
C4,447,2516
C4,389,2517
C2,236,2518
C0,57,2519
C3,414,2520
C2,462,2521
C3,185,2522
C3,329,2523
C4,131,2524
C0,218,2525
C2,252,2526
C0,490,2527
C0,178,2528
C0,265,2529
C4,81,2530
C3,196,2531
C3,238,2532
C0,341,2533
C2,74,2534
C3,293,2535
C3,222,2536
C1,217,2537
C4,76,2538
C2,496,2539
C2,176,2540
C1,156,2541
C2,222,2542
C4,477,2543
C0,444,2544
C2,372,2545
C4,451,2546
C3,448,2547
C4,288,2548
C1,125,2549
C1,378,2550
C4,371,2551
C1,118,2552
C3,251,2553
C3,271,2554
C3,182,2555
C1,255,2556
C4,414,2557
C0,485,2558
C4,445,2559
C0,469,2560
C0,432,2561
C3,465,2562
C3,328,2563
C3,180,2564
C2,289,2565
C3,465,2566
C0,238,2567
C0,316,2568
C1,90,2569
C0,476,2570
C3,361,2571
C3,352,2572
C3,139,2573
C1,443,2574
C4,423,2575
C4,314,2576
C0,361,2577
C4,160,2578
C3,478,2579
C0,55,2580
C0,206,2581
C0,304,2582
C3,182,2583
C1,239,2584
C1,150,2585
C1,206,2586
C4,466,2587
C1,190,2588
C2,479,2589
C4,306,2590
C3,104,2591
C3,404,2592
C3,262,2593
C2,435,2594
C3,214,2595
C2,481,2596
C1,80,2597
C3,205,2598
C2,88,2599
C1,187,2600
C2,105,2601
C2,303,2602
C2,489,2603
C1,469,2604
C2,169,2605
C1,464,2606
C1,482,2607
C0,196,2608
C2,130,2609
C3,301,2610
C4,313,2611
C1,440,2612
C3,478,2613
C1,202,2614
C3,301,2615
C0,208,2616
C4,251,2617
C2,401,2618
C3,250,2619
C3,204,2620
C0,71,2621
C2,105,2622
C4,229,2623
C3,210,2624
C2,268,2625
C1,301,2626
C1,243,2627
C1,57,2628
C0,293,2629
C1,172,2630
C0,460,2631
C2,169,2632
C1,206,2633
C3,189,2634
C2,396,2635
C4,422,2636
C2,335,2637
C0,223,2638
C4,306,2639
C4,114,2640
C2,365,2641
C0,472,2642
C0,262,2643
C2,302,2644
C4,463,2645
C0,349,2646
C1,269,2647
C2,347,2648
C0,369,2649
C3,321,2650
C1,293,2651
C3,102,2652
C2,142,2653
C4,299,2654
C3,198,2655
C0,228,2656
C4,145,2657
C0,280,2658
C0,261,2659
C3,441,2660
C0,156,2661
C0,341,2662
C2,78,2663
C1,123,2664
C2,475,2665
C3,126,2666
C0,226,2667
C3,190,2668
C1,466,2669
C0,495,2670
C0,470,2671
C3,260,2672
C4,365,2673
C2,419,2674
C0,154,2675
C0,92,2676
C4,229,2677
C2,223,2678
C0,237,2679
C0,356,2680
C3,108,2681
C3,153,2682
C0,333,2683
C4,334,2684
C3,400,2685
C2,338,2686
C0,392,2687
C0,135,2688
C4,324,2689
C1,318,2690
C2,304,2691
C4,467,2692
C0,80,2693
C2,130,2694
C4,177,2695
C0,205,2696
C4,364,2697
C0,227,2698
C3,487,2699
C4,190,2700
C4,333,2701
C3,271,2702
C1,59,2703
C2,381,2704
C0,170,2705
C2,409,2706
C4,333,2707
C3,483,2708
C4,191,2709
C2,65,2710
C0,183,2711
C1,399,2712
C4,456,2713
C1,199,2714
C3,185,2715
C3,248,2716
C3,471,2717
C3,340,2718
C4,433,2719
C1,266,2720
C4,137,2721
C3,111,2722
C0,340,2723
C0,264,2724
C4,327,2725
C1,272,2726
C1,409,2727
C3,481,2728
C1,220,2729
C1,436,2730
C0,146,2731
C0,239,2732
C1,202,2733
C3,492,2734
C3,438,2735
C3,61,2736
C3,403,2737
C1,271,2738
C0,151,2739
C2,98,2740
C2,276,2741
C3,77,2742
C4,437,2743
C1,412,2744
C0,172,2745
C4,251,2746
C4,371,2747
C2,369,2748
C0,432,2749
C3,151,2750
C2,168,2751
C0,227,2752
C2,104,2753
C0,362,2754
C1,301,2755
C1,409,2756
C2,428,2757
C1,248,2758
C0,431,2759
C4,312,2760
C3,216,2761
C4,51,2762
C2,315,2763
C2,393,2764
C2,413,2765
C0,405,2766
C4,492,2767
C0,296,2768
C3,249,2769
C1,134,2770
C4,53,2771
C0,484,2772
C0,297,2773
C0,428,2774
C2,449,2775
C3,202,2776
C0,378,2777
C4,444,2778
C3,102,2779
C0,195,2780
C0,63,2781
C0,254,2782
C0,401,2783
C1,179,2784
C0,334,2785
C3,378,2786
C3,292,2787
C2,410,2788
C1,391,2789
C2,87,2790
C4,64,2791
C2,245,2792
C1,322,2793
C1,202,2794
C4,136,2795
C0,449,2796
C0,290,2797
C0,101,2798
C1,432,2799
C1,499,2800
C0,159,2801
C0,482,2802
C1,315,2803
C0,494,2804
C2,161,2805
C2,175,2806
C1,355,2807
C3,364,2808
C0,254,2809
C1,497,2810
C2,229,2811
C1,116,2812
C3,226,2813
C3,266,2814
C2,91,2815
C1,413,2816
C0,406,2817
C1,266,2818
C1,374,2819
C0,493,2820
C1,74,2821
C4,140,2822
C3,423,2823
C1,138,2824
C0,55,2825
C4,471,2826
C4,236,2827
C4,498,2828
C4,58,2829
C3,248,2830
C3,159,2831
C3,360,2832
C2,106,2833
C4,338,2834
C1,409,2835
C0,167,2836
C2,443,2837
C2,214,2838
C0,181,2839
C2,363,2840
C2,151,2841
C3,176,2842
C0,301,2843
C2,377,2844
C0,61,2845
C1,467,2846
C1,100,2847
C2,195,2848
C1,181,2849
C1,460,2850
C3,245,2851
C1,279,2852
C4,83,2853
C0,146,2854
C0,257,2855
C0,50,2856
C3,251,2857
C4,420,2858
C4,315,2859
C1,172,2860
C1,53,2861
C0,118,2862
C0,69,2863
C1,145,2864
C3,467,2865
C4,61,2866
C1,89,2867
C0,454,2868
C4,160,2869
C0,102,2870
C1,295,2871
C1,132,2872
C4,496,2873
C2,71,2874
C0,175,2875
C2,406,2876
C0,79,2877
C0,484,2878
C4,367,2879
C0,205,2880
C1,187,2881
C2,396,2882
C3,293,2883
C3,290,2884
C4,400,2885
C2,380,2886
C2,429,2887
C3,333,2888
C0,350,2889
C1,99,2890
C4,316,2891
C0,425,2892
C2,54,2893
C0,477,2894
C3,470,2895
C0,192,2896
C4,69,2897
C2,416,2898
C1,142,2899
C2,213,2900
C4,297,2901
C3,348,2902
C0,147,2903
C2,95,2904
C2,155,2905
C2,493,2906
C4,334,2907
C4,275,2908
C2,51,2909
C2,220,2910
C2,139,2911
C4,127,2912
C4,218,2913
C1,127,2914
C4,177,2915
C3,301,2916
C1,283,2917
C2,57,2918
C4,304,2919
C2,411,2920
C3,181,2921
C3,112,2922
C1,489,2923
C3,335,2924
C3,370,2925
C4,261,2926
C2,454,2927
C3,462,2928
C0,201,2929
C4,167,2930
C2,373,2931
C2,293,2932
C3,482,2933
C3,190,2934
C3,256,2935
C1,253,2936
C2,396,2937
C4,320,2938
C0,63,2939
C0,258,2940
C3,53,2941
C0,154,2942
C2,293,2943
C4,149,2944
C2,320,2945
C1,368,2946
C4,476,2947
C0,463,2948
C3,219,2949
C0,116,2950
C3,297,2951
C1,67,2952
C1,404,2953
C0,344,2954
C4,441,2955
C3,241,2956
C3,452,2957
C1,474,2958
C0,252,2959
C1,311,2960
C4,442,2961
C0,376,2962
C1,400,2963
C4,235,2964
C4,410,2965
C1,387,2966
C0,423,2967
C4,402,2968
C0,373,2969
C1,209,2970
C0,497,2971
C4,389,2972
C0,53,2973
C0,95,2974
C1,487,2975
C2,355,2976
C1,462,2977
C2,168,2978
C4,74,2979
C4,250,2980
C3,385,2981
C4,345,2982
C4,214,2983
C1,438,2984
C1,228,2985
C0,433,2986
C1,84,2987
C0,123,2988
C3,114,2989
C2,58,2990
C2,277,2991
C4,445,2992
C4,77,2993
C0,422,2994
C2,58,2995
C4,177,2996
C4,307,2997
C2,200,2998
C1,139,2999
C0,154,3000
C0,106,3001
C1,467,3002
C1,217,3003
C1,145,3004
C1,308,3005
C1,132,3006
C1,152,3007
C3,219,3008
C4,281,3009
C2,173,3010
C3,119,3011
C3,130,3012
C0,484,3013
C3,217,3014
C2,129,3015
C3,423,3016
C4,144,3017
C1,463,3018
C4,191,3019
C2,61,3020
C4,425,3021
C4,170,3022
C4,435,3023
C2,201,3024
C3,345,3025
C3,216,3026
C4,90,3027
C3,335,3028
C4,386,3029
C0,455,3030
C3,446,3031
C4,441,3032
C2,459,3033
C2,137,3034
C0,301,3035
C2,99,3036
C3,274,3037
C4,437,3038
C1,118,3039
C1,460,3040
C0,393,3041
C2,77,3042
C1,50,3043
C1,241,3044
C3,376,3045
C0,183,3046
C0,455,3047
C1,198,3048
C0,297,3049
C4,139,3050
C4,294,3051
C0,219,3052
C2,124,3053
C0,278,3054
C1,151,3055
C4,494,3056
C4,111,3057
C2,206,3058
C1,137,3059
C1,470,3060
C2,496,3061
C3,327,3062
C2,385,3063
C3,119,3064
C2,330,3065
C2,254,3066
C4,417,3067
C4,162,3068
C2,313,3069
C2,350,3070
C4,469,3071
C4,288,3072
C3,249,3073
C0,95,3074
C2,492,3075
C1,247,3076
C4,186,3077
C0,60,3078
C4,292,3079
C1,133,3080
C2,377,3081
C2,261,3082
C2,65,3083
C4,430,3084
C4,137,3085
C2,445,3086
C0,376,3087
C4,69,3088
C4,292,3089
C4,200,3090
C2,395,3091
C2,261,3092
C4,416,3093
C0,405,3094
C1,122,3095
C1,186,3096
C0,399,3097
C2,275,3098
C3,330,3099
C0,387,3100
C4,465,3101
C3,277,3102
C4,438,3103
C2,424,3104
C2,221,3105
C2,434,3106
C4,208,3107
C0,254,3108
C0,114,3109
C4,404,3110
C3,208,3111
C3,374,3112
C0,435,3113
C1,233,3114
C1,362,3115
C4,427,3116
C0,200,3117
C3,322,3118
C2,126,3119
C0,53,3120
C1,265,3121
C0,385,3122
C0,180,3123
C4,459,3124
C0,206,3125
C4,416,3126
C1,65,3127
C1,208,3128
C0,157,3129
C4,450,3130
C1,432,3131
C2,71,3132
C2,487,3133
C1,109,3134
C1,59,3135
C2,480,3136
C2,272,3137
C1,57,3138
C4,408,3139
C3,180,3140
C3,160,3141
C3,179,3142
C2,276,3143
C4,180,3144
C3,259,3145
C1,205,3146
C4,333,3147
C2,487,3148
C0,355,3149
C3,357,3150
C1,312,3151
C2,296,3152
C4,74,3153
C3,299,3154
C2,203,3155
C4,150,3156
C4,142,3157
C4,228,3158
C0,398,3159
C4,181,3160
C0,61,3161
C4,210,3162
C0,220,3163
C0,334,3164
C1,341,3165
C3,388,3166
C4,165,3167
C3,258,3168
C0,127,3169
C4,136,3170
C3,170,3171
C1,340,3172
C0,120,3173
C4,331,3174
C4,140,3175
C3,51,3176
C3,258,3177
C1,177,3178
C1,188,3179
C2,480,3180
C3,405,3181
C0,366,3182
C3,99,3183
C4,348,3184
C1,231,3185
C2,486,3186
C1,443,3187
C0,382,3188
C4,99,3189
C4,401,3190
C3,326,3191
C3,103,3192
C2,234,3193
C0,273,3194
C4,177,3195
C0,216,3196
C3,79,3197
C4,439,3198
C4,366,3199
C3,399,3200
C0,328,3201
C3,275,3202
C1,201,3203
C2,114,3204
C3,62,3205
C0,228,3206
C4,59,3207
C0,448,3208
C0,129,3209
C3,229,3210
C4,111,3211
C2,62,3212
C4,184,3213
C4,197,3214
C1,134,3215
C1,61,3216
C4,135,3217
C1,346,3218
C1,209,3219
C2,378,3220
C4,395,3221
C1,91,3222
C1,322,3223
C1,323,3224
C3,142,3225
C0,129,3226
C3,273,3227
C4,69,3228
C0,164,3229
C3,207,3230
C1,118,3231
C4,258,3232
C4,478,3233
C0,275,3234
C2,399,3235
C3,298,3236
C0,131,3237
C2,485,3238
C2,448,3239
C2,484,3240
C3,134,3241
C1,55,3242
C4,203,3243
C2,307,3244
C1,288,3245
C1,154,3246
C4,102,3247
C2,480,3248
C2,273,3249
C4,348,3250
C4,179,3251
C3,74,3252
C0,209,3253
C2,177,3254
C2,361,3255
C3,464,3256
C0,365,3257
C1,287,3258
C2,90,3259
C0,336,3260
C1,159,3261
C2,121,3262
C1,493,3263
C1,197,3264
C3,333,3265
C0,492,3266
C0,172,3267
C4,265,3268
C4,324,3269
C1,124,3270
C3,103,3271
C2,187,3272
C0,485,3273
C1,407,3274
C2,489,3275
C1,173,3276
C3,319,3277
C1,220,3278
C1,247,3279
C4,439,3280
C1,352,3281
C1,233,3282
C2,296,3283
C1,147,3284
C1,235,3285
C3,60,3286
C2,404,3287
C3,144,3288
C2,150,3289
C4,53,3290
C2,92,3291
C4,68,3292
C0,313,3293
C4,180,3294
C0,397,3295
C4,318,3296
C2,469,3297
C4,265,3298
C2,74,3299
C1,400,3300
C1,471,3301
C2,395,3302
C2,193,3303
C0,486,3304
C1,203,3305
C4,306,3306
C0,391,3307
C3,414,3308
C1,376,3309
C1,484,3310
C0,188,3311
C2,306,3312
C0,110,3313
C4,433,3314
C0,73,3315
C2,90,3316
C3,417,3317
C3,449,3318
C1,178,3319
C4,72,3320
C1,306,3321
C1,477,3322
C2,428,3323
C2,285,3324
C3,175,3325
C3,392,3326
C0,58,3327
C3,351,3328
C0,198,3329
C0,244,3330
C1,66,3331
C3,306,3332
C4,374,3333
C3,152,3334
C3,378,3335
C2,250,3336
C0,152,3337
C3,342,3338
C2,430,3339
C4,55,3340
C3,395,3341
C2,414,3342
C4,390,3343
C2,197,3344
C4,409,3345
C1,263,3346
C1,468,3347
C3,441,3348
C4,112,3349
C3,168,3350
C4,69,3351
C0,89,3352
C2,179,3353
C4,181,3354
C1,404,3355
C0,313,3356
C0,222,3357
C4,151,3358
C0,234,3359
C3,359,3360
C1,344,3361
C3,347,3362
C1,498,3363
C2,395,3364
C4,206,3365
C0,390,3366
C3,217,3367
C2,470,3368
C0,277,3369
C0,209,3370
C1,401,3371
C2,266,3372
C3,109,3373
C3,463,3374
C1,260,3375
C4,65,3376
C4,469,3377
C2,255,3378
C0,121,3379
C1,121,3380
C0,368,3381
C1,89,3382
C1,274,3383
C0,85,3384
C4,176,3385
C3,334,3386
C0,409,3387
C3,171,3388
C4,276,3389
C0,346,3390
C4,342,3391
C3,401,3392
C0,309,3393
C0,339,3394
C1,158,3395
C4,255,3396
C1,144,3397
C2,80,3398
C3,381,3399
C0,258,3400
C1,200,3401
C4,234,3402
C0,307,3403
C3,327,3404
C4,454,3405
C3,312,3406
C2,436,3407
C2,207,3408
C4,441,3409
C2,95,3410
C1,358,3411
C3,117,3412
C0,137,3413
C3,457,3414
C2,219,3415
C3,141,3416
C3,473,3417
C1,80,3418
C2,76,3419
C1,165,3420
C0,122,3421
C0,82,3422
C0,179,3423
C2,444,3424
C4,408,3425
C0,451,3426
C1,265,3427
C3,166,3428
C0,106,3429
C1,240,3430
C0,96,3431
C2,462,3432
C2,409,3433
C3,445,3434
C2,196,3435
C3,60,3436
C0,97,3437
C0,301,3438
C3,458,3439
C3,452,3440
C1,426,3441
C0,204,3442
C0,105,3443
C0,196,3444
C0,88,3445
C1,472,3446
C3,347,3447
C1,219,3448
C3,176,3449
C2,359,3450
C0,460,3451
C3,116,3452
C1,333,3453
C3,78,3454
C2,231,3455
C1,321,3456
C1,333,3457
C0,307,3458
C3,466,3459
C2,182,3460
C2,253,3461
C3,139,3462
C0,245,3463
C4,184,3464
C1,113,3465
C1,293,3466
C2,426,3467
C1,187,3468
C1,339,3469
C3,90,3470
C0,384,3471
C3,313,3472
C4,489,3473
C2,342,3474
C4,210,3475
C4,280,3476
C1,145,3477
C2,355,3478
C4,359,3479
C1,376,3480
C2,199,3481
C4,295,3482
C4,63,3483
C3,412,3484
C0,322,3485
C3,168,3486
C2,338,3487
C2,394,3488
C3,324,3489
C2,430,3490
C3,378,3491
C4,69,3492
C3,145,3493
C0,120,3494
C4,338,3495
C4,119,3496
C0,229,3497
C0,113,3498
C3,450,3499
C2,285,3500
C4,241,3501
C4,279,3502
C4,375,3503
C2,202,3504
C2,455,3505
C0,244,3506
C4,125,3507
C4,438,3508
C2,414,3509
C0,477,3510
C2,363,3511
C0,472,3512
C3,296,3513
C4,223,3514
C3,97,3515
C1,374,3516
C1,469,3517
C4,150,3518
C4,142,3519
C0,320,3520
C2,332,3521
C3,470,3522
C0,183,3523
C4,54,3524
C3,118,3525
C3,272,3526
C3,471,3527
C4,421,3528
C3,236,3529
C0,282,3530
C1,452,3531
C4,496,3532
C4,285,3533
C3,209,3534
C3,76,3535
C1,326,3536
C4,330,3537
C0,180,3538
C0,331,3539
C2,412,3540
C1,98,3541
C4,157,3542
C4,331,3543
C4,438,3544
C4,317,3545
C3,331,3546
C2,297,3547
C2,362,3548
C3,243,3549
C1,350,3550
C1,466,3551
C1,210,3552
C2,223,3553
C4,159,3554
C3,221,3555
C1,360,3556
C2,200,3557
C3,137,3558
C4,469,3559
C3,422,3560
C0,346,3561
C4,147,3562
C4,143,3563
C0,309,3564
C4,392,3565
C0,394,3566
C1,294,3567
C3,297,3568
C4,266,3569
C3,180,3570
C2,300,3571
C0,425,3572
C4,194,3573
C0,473,3574
C3,408,3575
C2,320,3576
C3,422,3577
C2,96,3578
C1,189,3579
C2,470,3580
C2,355,3581
C1,117,3582
C3,330,3583
C2,322,3584
C4,186,3585
C0,324,3586
C2,374,3587
C1,240,3588
C1,166,3589
C2,105,3590
C4,427,3591
C0,308,3592
C4,479,3593
C0,255,3594
C1,304,3595
C4,185,3596
C3,307,3597
C2,275,3598
C1,263,3599
C1,453,3600
C1,198,3601
C3,147,3602
C4,353,3603
C0,237,3604
C2,231,3605
C4,174,3606
C1,433,3607
C3,149,3608
C0,397,3609
C1,160,3610
C1,73,3611
C0,114,3612
C1,136,3613
C3,114,3614
C1,360,3615
C3,467,3616
C3,82,3617
C3,111,3618
C3,269,3619
C4,209,3620
C0,166,3621
C1,372,3622
C0,197,3623
C2,108,3624
C3,163,3625
C0,477,3626
C3,346,3627
C2,380,3628
C3,79,3629
C3,124,3630
C4,254,3631
C4,138,3632
C4,473,3633
C0,162,3634
C0,173,3635
C4,498,3636
C1,315,3637
C4,481,3638
C1,443,3639
C4,419,3640
C0,353,3641
C3,223,3642
C3,113,3643
C1,368,3644
C3,59,3645
C0,492,3646
C0,294,3647
C3,466,3648
C4,460,3649
C1,211,3650
C1,122,3651
C4,187,3652
C4,385,3653
C0,251,3654
C4,109,3655
C2,498,3656
C3,331,3657
C4,204,3658
C3,374,3659
C2,342,3660
C4,463,3661
C1,166,3662
C1,461,3663
C4,54,3664
C3,429,3665
C2,169,3666
C2,244,3667
C3,192,3668
C4,125,3669
C3,179,3670
C2,230,3671
C2,93,3672
C0,460,3673
C4,485,3674
C4,77,3675
C2,358,3676
C1,187,3677
C0,218,3678
C4,309,3679
C2,441,3680
C1,479,3681
C4,413,3682
C2,87,3683
C3,443,3684
C1,58,3685
C0,435,3686
C3,131,3687
C2,332,3688
C4,357,3689
C1,244,3690
C2,358,3691
C4,122,3692
C1,244,3693
C1,484,3694
C4,87,3695
C1,101,3696
C3,472,3697
C1,396,3698
C1,69,3699
C3,85,3700
C4,311,3701
C4,486,3702
C1,416,3703
C2,54,3704
C2,332,3705
C4,101,3706
C2,142,3707
C3,84,3708
C4,204,3709
C2,84,3710
C0,237,3711
C0,492,3712
C4,442,3713
C4,353,3714
C3,176,3715
C3,72,3716
C3,471,3717
C2,174,3718
C0,336,3719
C4,118,3720
C4,142,3721
C2,188,3722
C4,359,3723
C2,446,3724
C2,250,3725
C3,127,3726
C2,278,3727
C1,378,3728
C1,188,3729
C1,433,3730
C3,326,3731
C3,399,3732
C3,190,3733
C1,498,3734
C1,381,3735
C0,231,3736
C1,467,3737
C4,446,3738
C3,344,3739
C4,245,3740
C2,244,3741
C1,118,3742
C2,170,3743
C3,386,3744
C2,437,3745
C1,236,3746
C1,373,3747
C0,478,3748
C1,433,3749
C3,237,3750
C3,364,3751
C4,138,3752
C2,380,3753
C3,342,3754
C0,172,3755
C1,319,3756
C2,386,3757
C4,123,3758
C3,216,3759
C1,286,3760
C3,110,3761
C2,288,3762
C1,196,3763
C1,409,3764
C1,144,3765
C3,199,3766
C1,336,3767
C2,357,3768
C3,89,3769
C1,256,3770
C2,210,3771
C1,255,3772
C1,421,3773
C1,197,3774
C3,354,3775
C4,405,3776
C2,395,3777
C4,388,3778
C3,400,3779
C0,52,3780
C0,450,3781
C4,85,3782
C1,483,3783
C1,476,3784
C1,358,3785
C2,70,3786
C0,207,3787
C2,51,3788
C4,338,3789
C0,412,3790
C2,157,3791
C1,349,3792
C3,293,3793
C2,471,3794
C0,441,3795
C2,100,3796
C4,315,3797
C2,423,3798
C1,391,3799
C1,80,3800
C1,400,3801
C0,92,3802
C3,201,3803
C0,152,3804
C2,341,3805
C3,304,3806
C3,447,3807
C4,360,3808
C3,340,3809
C1,245,3810
C4,460,3811
C1,305,3812
C4,499,3813
C4,400,3814
C4,443,3815
C0,492,3816
C4,387,3817
C3,166,3818
C3,114,3819
C1,129,3820
C4,291,3821
C1,447,3822
C2,385,3823
C1,107,3824
C2,182,3825
C4,203,3826
C3,286,3827
C3,245,3828
C1,79,3829
C4,425,3830
C0,295,3831
C4,434,3832
C3,343,3833
C3,140,3834
C4,266,3835
C1,110,3836
C0,114,3837
C3,218,3838
C1,279,3839
C3,247,3840
C3,309,3841
C0,157,3842
C4,186,3843
C3,301,3844
C1,143,3845
C3,463,3846
C1,410,3847
C1,260,3848
C0,302,3849
C2,221,3850
C2,207,3851
C4,181,3852
C4,229,3853
C2,84,3854
C2,267,3855
C0,262,3856
C0,370,3857
C1,240,3858
C0,124,3859
C1,120,3860
C4,240,3861
C1,268,3862
C0,128,3863
C1,244,3864
C4,470,3865
C1,105,3866
C0,309,3867
C1,274,3868
C0,377,3869
C2,325,3870
C3,442,3871
C1,217,3872
C2,336,3873
C0,499,3874
C2,168,3875
C0,98,3876
C4,293,3877
C4,413,3878
C4,55,3879
C0,342,3880
C4,84,3881
C3,249,3882
C4,360,3883
C4,155,3884
C1,262,3885
C3,406,3886
C2,72,3887
C1,354,3888
C4,367,3889
C3,249,3890
C0,456,3891
C2,152,3892
C2,50,3893
C3,416,3894
C3,215,3895
C4,58,3896
C0,494,3897
C1,208,3898
C4,152,3899
C2,302,3900
C3,128,3901
C1,281,3902
C2,121,3903
C1,255,3904
C2,485,3905
C1,425,3906
C4,339,3907
C4,349,3908
C4,123,3909
C3,86,3910
C0,292,3911
C2,295,3912
C1,354,3913
C3,190,3914
C1,287,3915
C4,233,3916
C2,169,3917
C2,232,3918
C0,192,3919
C2,187,3920
C2,368,3921
C2,449,3922
C3,146,3923
C0,62,3924
C2,499,3925
C1,302,3926
C1,349,3927
C0,138,3928
C1,232,3929
C2,169,3930
C1,59,3931
C3,464,3932
C0,117,3933
C3,218,3934
C2,188,3935
C3,433,3936
C1,344,3937
C3,497,3938
C3,308,3939
C2,64,3940
C4,258,3941
C2,476,3942
C2,120,3943
C1,105,3944
C1,449,3945
C0,80,3946
C3,117,3947
C3,102,3948
C2,344,3949
C2,456,3950
C4,498,3951
C1,421,3952
C2,437,3953
C4,402,3954
C0,232,3955
C4,63,3956
C2,362,3957
C3,169,3958
C2,109,3959
C2,235,3960
C2,174,3961
C1,277,3962
C2,397,3963
C3,178,3964
C1,174,3965
C4,66,3966
C1,73,3967
C0,462,3968
C4,479,3969
C4,68,3970
C2,385,3971
C1,250,3972
C1,52,3973
C3,337,3974
C2,289,3975
C3,389,3976
C3,90,3977
C0,491,3978
C1,231,3979
C4,211,3980
C0,238,3981
C0,182,3982
C3,459,3983
C0,399,3984
C0,371,3985
C0,287,3986
C0,475,3987
C1,264,3988
C0,64,3989
C0,401,3990
C2,140,3991
C3,110,3992
C3,236,3993
C0,140,3994
C4,465,3995
C1,329,3996
C1,283,3997
C2,267,3998
C4,343,3999
C0,452,4000
C2,273,4001
C4,414,4002
C3,271,4003
C3,319,4004
C3,286,4005
C1,111,4006
C1,139,4007
C3,193,4008
C4,75,4009
C0,144,4010
C0,481,4011
C2,340,4012
C1,299,4013
C1,375,4014
C3,317,4015
C4,187,4016
C4,94,4017
C2,74,4018
C1,454,4019
C1,325,4020
C4,331,4021
C3,167,4022
C3,424,4023
C2,64,4024
C0,232,4025
C0,95,4026
C1,247,4027
C2,196,4028
C1,181,4029
C4,400,4030
C0,148,4031
C0,318,4032
C3,323,4033
C1,457,4034
C2,249,4035
C1,94,4036
C2,320,4037
C2,261,4038
C0,426,4039
C4,89,4040
C2,347,4041
C2,275,4042
C2,155,4043
C0,482,4044
C1,397,4045
C1,172,4046
C4,130,4047
C1,149,4048
C0,169,4049
C0,81,4050
C4,461,4051
C3,164,4052
C4,165,4053
C3,353,4054
C2,367,4055
C3,416,4056
C0,234,4057
C4,79,4058
C4,375,4059
C0,61,4060
C2,286,4061
C4,223,4062
C0,335,4063
C0,253,4064
C1,424,4065
C3,416,4066
C1,430,4067
C0,297,4068
C1,284,4069
C3,343,4070
C1,159,4071
C1,348,4072
C0,157,4073
C0,385,4074
C1,435,4075
C4,393,4076
C0,447,4077
C1,418,4078
C4,290,4079
C0,335,4080
C0,125,4081
C0,421,4082
C4,371,4083
C1,374,4084
C1,196,4085
C3,448,4086
C3,253,4087
C4,334,4088
C3,242,4089
C1,158,4090
C0,332,4091
C1,434,4092
C2,202,4093
C2,362,4094
C3,262,4095
C2,193,4096
C2,431,4097
C0,408,4098
C1,137,4099
C2,205,4100
C3,366,4101
C0,481,4102
C2,334,4103
C4,406,4104
C4,302,4105
C1,467,4106
C0,468,4107
C3,332,4108
C0,143,4109
C1,313,4110
C0,73,4111
C3,218,4112
C0,474,4113
C4,491,4114
C4,424,4115
C4,465,4116
C3,131,4117
C3,159,4118
C3,67,4119
C4,241,4120
C3,438,4121
C3,406,4122
C4,438,4123
C2,352,4124
C4,346,4125
C2,323,4126
C2,421,4127
C4,430,4128
C3,313,4129
C3,269,4130
C0,227,4131
C2,287,4132
C2,274,4133
C1,156,4134
C2,87,4135
C4,204,4136
C2,112,4137
C0,370,4138
C3,118,4139
C1,452,4140
C3,411,4141
C4,339,4142
C4,408,4143
C2,326,4144
C4,109,4145
C0,397,4146
C4,363,4147
C3,266,4148
C2,374,4149
C1,416,4150
C0,176,4151
C0,467,4152
C2,70,4153
C1,473,4154
C4,216,4155
C3,112,4156
C2,409,4157
C4,78,4158
C2,174,4159
C3,144,4160
C2,460,4161
C4,64,4162
C1,62,4163
C2,133,4164
C3,185,4165
C1,485,4166
C3,288,4167
C2,242,4168
C2,430,4169
C2,150,4170
C2,88,4171
C0,73,4172
C0,201,4173
C0,348,4174
C4,492,4175
C1,455,4176
C1,95,4177
C4,484,4178
C1,145,4179
C3,166,4180
C4,375,4181
C2,145,4182
C2,231,4183
C4,393,4184
C0,186,4185
C1,350,4186
C4,379,4187
C3,468,4188
C2,345,4189
C1,415,4190
C4,143,4191
C4,63,4192
C4,145,4193
C0,321,4194
C2,260,4195
C2,145,4196
C3,403,4197
C0,223,4198
C3,350,4199
C1,298,4200
C0,128,4201
C0,185,4202
C2,265,4203
C0,320,4204
C1,60,4205
C1,111,4206
C0,327,4207
C0,342,4208
C3,286,4209
C3,360,4210
C0,489,4211
C4,404,4212
C0,94,4213
C4,66,4214
C3,128,4215
C4,236,4216
C3,301,4217
C1,475,4218
C1,297,4219
C2,490,4220
C1,495,4221
C2,87,4222
C0,81,4223
C3,328,4224
C2,416,4225
C1,76,4226
C0,188,4227
C4,290,4228
C2,347,4229
C1,411,4230
C2,350,4231
C4,66,4232
C3,426,4233
C2,239,4234
C2,143,4235
C2,305,4236
C2,470,4237
C4,187,4238
C3,399,4239
C3,491,4240
C3,247,4241
C4,416,4242
C0,83,4243
C2,307,4244
C3,421,4245
C0,368,4246
C0,218,4247
C3,190,4248
C3,390,4249
C2,116,4250
C3,162,4251
C0,120,4252
C0,394,4253
C0,226,4254
C4,221,4255
C2,420,4256
C4,375,4257
C4,371,4258
C2,229,4259
C1,419,4260
C2,452,4261
C0,277,4262
C1,449,4263
C3,355,4264
C0,193,4265
C4,423,4266
C3,197,4267
C4,484,4268
C1,197,4269
C1,109,4270
C3,418,4271
C2,225,4272
C0,237,4273
C4,403,4274
C2,448,4275
C2,352,4276
C2,167,4277
C0,87,4278
C1,203,4279
C1,98,4280
C4,82,4281
C0,333,4282
C4,444,4283
C3,391,4284
C0,138,4285
C4,148,4286
C1,460,4287
C3,176,4288
C0,433,4289
C1,173,4290
C3,313,4291
C3,102,4292
C4,194,4293
C4,264,4294
C4,163,4295
C1,186,4296
C4,176,4297
C1,57,4298
C1,419,4299
C3,267,4300
C1,249,4301
C2,236,4302
C4,305,4303
C3,464,4304
C4,296,4305
C2,485,4306
C1,331,4307
C2,306,4308
C4,405,4309
C0,419,4310
C4,196,4311
C1,319,4312
C0,67,4313
C4,119,4314
C2,57,4315
C2,71,4316
C0,334,4317
C1,168,4318
C1,416,4319
C0,458,4320
C3,275,4321
C0,243,4322
C0,250,4323
C0,123,4324
C0,251,4325
C1,427,4326
C4,141,4327
C2,109,4328
C2,413,4329
C0,202,4330
C3,247,4331
C4,111,4332
C0,226,4333
C3,187,4334
C3,261,4335
C2,212,4336
C4,134,4337
C4,335,4338
C2,249,4339
C4,461,4340
C2,127,4341
C4,423,4342
C4,197,4343
C4,241,4344
C2,216,4345
C4,379,4346
C3,91,4347
C1,197,4348
C4,398,4349
C1,205,4350
C2,285,4351
C3,71,4352
C2,368,4353
C3,74,4354
C3,106,4355
C2,132,4356
C4,241,4357
C3,168,4358
C1,278,4359
C2,415,4360
C2,379,4361
C0,260,4362
C1,198,4363
C0,87,4364
C2,217,4365
C3,496,4366
C4,395,4367
C2,372,4368
C0,246,4369
C4,202,4370
C3,432,4371
C1,113,4372
C3,319,4373
C0,260,4374
C1,183,4375
C3,259,4376
C3,391,4377
C1,436,4378
C4,266,4379
C2,60,4380
C3,487,4381
C1,382,4382
C3,334,4383
C1,195,4384
C3,258,4385
C3,411,4386
C4,428,4387
C0,229,4388
C3,155,4389
C2,63,4390
C0,107,4391
C3,184,4392
C2,435,4393
C0,333,4394
C3,316,4395
C0,207,4396
C3,399,4397
C2,227,4398
C0,319,4399
C1,467,4400
C3,73,4401
C2,246,4402
C3,137,4403
C1,388,4404
C0,181,4405
C0,388,4406
C2,493,4407
C0,146,4408
C2,469,4409
C1,129,4410
C2,439,4411
C1,206,4412
C0,353,4413
C2,230,4414
C2,473,4415
C4,388,4416
C3,454,4417
C4,494,4418
C2,403,4419
C1,305,4420
C3,413,4421
C3,223,4422
C2,61,4423
C0,271,4424
C3,383,4425
C1,448,4426
C1,482,4427
C3,351,4428
C0,97,4429
C0,78,4430
C4,128,4431
C0,492,4432
C3,265,4433
C1,384,4434
C4,117,4435
C1,234,4436
C1,397,4437
C3,308,4438
C2,199,4439
C1,448,4440
C0,322,4441
C2,120,4442
C2,164,4443
C4,156,4444
C1,85,4445
C2,406,4446
C0,186,4447
C3,313,4448
C4,358,4449
C1,149,4450
C3,153,4451
C4,235,4452
C3,396,4453
C3,170,4454
C2,379,4455
C3,404,4456
C3,271,4457
C2,467,4458
C1,498,4459
C4,438,4460
C3,147,4461
C4,426,4462
C1,58,4463
C4,313,4464
C0,403,4465
C1,405,4466
C2,270,4467
C1,448,4468
C2,389,4469
C0,466,4470
C1,305,4471
C1,148,4472
C2,364,4473
C2,461,4474
C3,467,4475
C2,236,4476
C2,413,4477
C0,59,4478
C2,499,4479
C0,145,4480
C2,162,4481
C2,222,4482
C4,227,4483
C3,67,4484
C4,135,4485
C4,222,4486
C2,402,4487
C0,390,4488
C2,453,4489
C4,106,4490
C3,197,4491
C2,486,4492
C3,420,4493
C1,260,4494
C0,351,4495
C2,87,4496
C2,430,4497
C1,203,4498
C2,322,4499
C3,135,4500
C4,485,4501
C1,415,4502
C2,60,4503
C4,161,4504
C4,255,4505
C2,345,4506
C1,147,4507
C4,303,4508
C4,274,4509
C1,69,4510
C1,279,4511
C4,150,4512
C2,103,4513
C2,190,4514
C0,187,4515
C1,378,4516
C4,406,4517
C3,55,4518
C0,338,4519
C4,332,4520
C2,391,4521
C0,199,4522
C2,188,4523
C1,255,4524
C1,297,4525
C0,434,4526
C3,250,4527
C4,185,4528
C4,136,4529
C1,92,4530
C1,166,4531
C2,340,4532
C4,467,4533
C4,339,4534
C0,186,4535
C4,254,4536
C2,295,4537
C1,414,4538
C2,292,4539
C4,152,4540
C4,206,4541
C1,104,4542
C1,471,4543
C3,216,4544
C1,292,4545
C1,443,4546
C1,173,4547
C3,400,4548
C1,256,4549
C4,467,4550
C1,251,4551
C2,317,4552
C2,271,4553
C1,208,4554
C2,357,4555
C2,75,4556
C1,481,4557
C4,446,4558
C1,204,4559
C2,153,4560
C4,385,4561
C2,353,4562
C3,406,4563
C1,54,4564
C0,430,4565
C1,229,4566
C3,143,4567
C1,190,4568
C0,483,4569
C2,339,4570
C3,130,4571
C1,381,4572
C0,417,4573
C3,144,4574
C4,122,4575
C2,182,4576
C0,249,4577
C2,311,4578
C2,109,4579
C0,272,4580
C3,293,4581
C4,412,4582
C0,165,4583
C2,176,4584
C1,80,4585
C4,267,4586
C2,397,4587
C0,359,4588
C2,87,4589
C0,426,4590
C3,179,4591
C0,456,4592
C0,311,4593
C2,445,4594
C4,218,4595
C1,63,4596
C0,144,4597
C0,365,4598
C1,110,4599
C0,276,4600
C4,118,4601
C3,434,4602
C0,404,4603
C3,493,4604
C3,90,4605
C1,485,4606
C1,457,4607
C1,134,4608
C4,189,4609
C2,89,4610
C2,145,4611
C4,255,4612
C3,351,4613
C3,383,4614
C1,51,4615
C1,279,4616
C3,463,4617
C2,235,4618
C3,336,4619
C0,419,4620
C3,436,4621
C3,138,4622
C0,227,4623
C3,213,4624
C2,275,4625
C1,346,4626
C0,340,4627
C2,351,4628
C3,446,4629
C2,414,4630
C2,381,4631
C1,253,4632
C0,142,4633
C4,206,4634
C3,429,4635
C2,272,4636
C4,95,4637
C4,430,4638
C4,321,4639
C1,434,4640
C1,252,4641
C0,121,4642
C2,409,4643
C4,317,4644
C3,153,4645
C1,258,4646
C2,56,4647
C3,228,4648
C2,481,4649
C4,186,4650
C4,233,4651
C0,225,4652
C2,373,4653
C3,225,4654
C1,432,4655
C1,239,4656
C0,243,4657
C1,335,4658
C3,390,4659
C1,422,4660
C1,189,4661
C4,163,4662
C3,290,4663
C1,225,4664
C0,188,4665
C2,332,4666
C2,403,4667
C2,445,4668
C2,50,4669
C0,390,4670
C2,361,4671
C0,232,4672
C4,199,4673
C2,388,4674
C4,497,4675
C1,61,4676
C4,95,4677
C4,302,4678
C0,406,4679
C4,497,4680
C4,475,4681
C1,296,4682
C1,142,4683
C3,295,4684
C0,200,4685
C2,87,4686
C3,485,4687
C1,443,4688
C4,211,4689
C3,325,4690
C4,192,4691
C3,200,4692
C4,422,4693
C0,254,4694
C0,190,4695
C3,212,4696
C3,367,4697
C1,461,4698
C3,200,4699
C2,356,4700
C2,60,4701
C4,146,4702
C1,112,4703
C0,499,4704
C1,472,4705
C3,371,4706
C3,452,4707
C3,384,4708
C4,59,4709
C2,254,4710
C4,359,4711
C2,289,4712
C0,254,4713
C4,310,4714
C3,78,4715
C3,344,4716
C3,399,4717
C2,384,4718
C4,110,4719
C4,354,4720
C2,486,4721
C3,159,4722
C0,52,4723
C3,467,4724
C4,87,4725
C4,96,4726
C2,106,4727
C0,271,4728
C3,73,4729
C0,156,4730
C3,347,4731
C4,441,4732
C1,478,4733
C1,188,4734
C0,142,4735
C2,274,4736
C3,107,4737
C3,480,4738
C2,196,4739
C1,141,4740
C2,477,4741
C4,85,4742
C0,313,4743
C3,297,4744
C2,297,4745
C4,488,4746
C4,375,4747
C0,300,4748
C1,461,4749
C0,359,4750
C1,456,4751
C2,79,4752
C0,309,4753
C2,353,4754
C2,74,4755
C3,318,4756
C2,179,4757
C1,476,4758
C4,495,4759
C2,425,4760
C3,288,4761
C1,75,4762
C1,244,4763
C3,175,4764
C0,419,4765
C0,415,4766
C0,212,4767
C2,59,4768
C0,277,4769
C4,442,4770
C3,98,4771
C2,258,4772
C1,165,4773
C2,256,4774
C1,224,4775
C4,138,4776
C4,75,4777
C2,67,4778
C0,148,4779
C1,167,4780
C2,389,4781
C1,410,4782
C2,468,4783
C0,196,4784
C1,157,4785
C1,190,4786
C4,485,4787
C1,445,4788
C1,444,4789
C0,403,4790
C3,433,4791
C1,343,4792
C3,354,4793
C2,125,4794
C0,452,4795
C4,493,4796
C1,410,4797
C1,119,4798
C3,138,4799
C0,264,4800
C1,206,4801
C0,435,4802
C4,125,4803
C2,419,4804
C2,450,4805
C0,276,4806
C4,118,4807
C0,289,4808
C2,423,4809
C4,379,4810
C0,466,4811
C2,203,4812
C1,484,4813
C2,333,4814
C3,94,4815
C0,298,4816
C1,443,4817
C3,118,4818
C1,271,4819
C3,113,4820
C0,278,4821
C3,450,4822
C1,110,4823
C3,246,4824
C4,305,4825
C2,457,4826
C4,401,4827
C2,61,4828
C4,75,4829
C0,50,4830
C3,377,4831
C3,136,4832
C1,269,4833
C3,364,4834
C2,106,4835
C3,446,4836
C0,150,4837
C4,402,4838
C3,252,4839
C4,431,4840
C1,163,4841
C0,394,4842
C3,66,4843
C1,474,4844
C4,59,4845
C3,131,4846
C1,274,4847
C1,375,4848
C3,199,4849
C3,484,4850
C3,300,4851
C4,357,4852
C0,464,4853
C0,147,4854
C1,391,4855
C4,198,4856
C1,369,4857
C2,186,4858
C0,71,4859
C1,291,4860
C3,470,4861
C0,383,4862
C3,479,4863
C4,71,4864
C1,381,4865
C0,405,4866
C4,127,4867
C1,358,4868
C2,474,4869
C0,99,4870
C3,53,4871
C2,467,4872
C2,438,4873
C3,202,4874
C4,145,4875
C3,206,4876
C1,265,4877
C2,147,4878
C4,340,4879
C4,93,4880
C0,120,4881
C2,204,4882
C2,293,4883
C3,253,4884
C0,315,4885
C2,165,4886
C4,85,4887
C1,477,4888
C3,172,4889
C3,109,4890
C3,385,4891
C0,410,4892
C0,383,4893
C2,130,4894
C0,358,4895
C0,208,4896
C3,75,4897
C2,309,4898
C4,422,4899
C1,75,4900
C3,483,4901
C4,290,4902
C4,138,4903
C4,131,4904
C3,424,4905
C0,489,4906
C0,64,4907
C0,387,4908
C3,478,4909
C0,478,4910
C0,327,4911
C2,219,4912
C0,86,4913
C1,215,4914
C2,83,4915
C4,263,4916
C0,328,4917
C4,250,4918
C4,320,4919
C1,497,4920
C3,160,4921
C3,392,4922
C2,202,4923
C1,376,4924
C4,247,4925
C4,194,4926
C3,121,4927
C3,333,4928
C0,322,4929
C3,249,4930
C3,233,4931
C4,136,4932
C2,456,4933
C3,429,4934
C2,189,4935
C1,408,4936
C0,201,4937
C0,286,4938
C4,187,4939
C4,323,4940
C4,410,4941
C2,360,4942
C4,173,4943
C2,69,4944
C4,288,4945
C4,111,4946
C1,421,4947
C3,88,4948
C4,77,4949
C3,85,4950
C2,393,4951
C4,401,4952
C4,174,4953
C2,467,4954
C0,260,4955
C2,397,4956
C2,338,4957
C4,118,4958
C3,297,4959
C2,182,4960
C2,373,4961
C0,71,4962
C4,325,4963
C0,314,4964
C0,185,4965
C0,299,4966
C4,291,4967
C0,80,4968
C0,403,4969
C2,468,4970
C2,231,4971
C2,490,4972
C3,467,4973
C4,203,4974
C0,449,4975
C3,208,4976
C4,281,4977
C2,130,4978
C1,75,4979
C4,87,4980
C2,211,4981
C1,68,4982
C3,413,4983
C3,410,4984
C3,489,4985
C2,271,4986
C0,177,4987
C1,316,4988
C1,225,4989
C0,166,4990
C4,153,4991
C3,370,4992
C3,377,4993
C1,147,4994
C2,307,4995
C4,401,4996
C3,418,4997
C1,60,4998
C3,455,4999
